[
  {
    "nombre": "Nightmare Kart: The Old Karts",
    "precio": 18.16,
    "descripcion": "An upcoming free expansion to Nightmare Kart with a brand new mini-campaign, racers, karts, tracks, power-ups, and game modes.",
    "genero": "Racing",
    "cover": "https://images.igdb.com/igdb/image/upload/t_thumb/co9d8y.jpg"
  },
  {
    "nombre": "The Undying Beast",
    "precio": 21.6,
    "descripcion": "There was a flash of light, a choir of glass, and the sound of sirens approaching. Then for what seemed like eternity, a black hollow void. Suddenly you found yourself within a new plane. Dead trees and fog is all that surrounds you. You hear no birds or signs of life, but strange cackles and moans sound from the distance. And then you notice out of the corner of your eye you may not be alone here.",
    "genero": "Simulator",
    "cover": "https://images.igdb.com/igdb/image/upload/t_thumb/co5hwv.jpg"
  },
  {
    "nombre": "Sengoku Anthology",
    "precio": 19.7,
    "descripcion": "Sengoku Anthology is a collection of the three games from SNK's Sengoku arcade franchise including Sengoku (1991), Sengoku 2 (1993), and Sengoku 3 (2001). In addition to being able to play the classic arcade games on the PC and PS2, players can unlock artwork by completing each of the games in the collection.\n\nThe Sengoku titles are classic scrolling beat'em up action games. Up to two players can play simultaneously. One of the features of these games is the ability to pick up power-ups to obtain new weapons or transform your character into special characters. In Sengoku 3, players choose different characters with unique weapons and special attacks at the beginning of each level.",
    "genero": "Hack and slash/Beat 'em up",
    "cover": "https://images.igdb.com/igdb/image/upload/t_thumb/bvbun2zofisapzrjlk71.jpg"
  },
  {
    "nombre": "Rockman X: New Year 2023",
    "precio": 18.41,
    "descripcion": "A small hack to celebrate the Chinese New Year 2023, Year of the Rabbit.",
    "genero": "Shooter",
    "cover": "https://images.igdb.com/igdb/image/upload/t_thumb/co7lie.jpg"
  },
  {
    "nombre": "Mario Kart Tour: Vancouver Tour",
    "precio": 20.46,
    "descripcion": "",
    "genero": "Racing",
    "cover": "https://images.igdb.com/igdb/image/upload/t_thumb/co9mk2.jpg"
  },
  {
    "nombre": "Microsoft Flight Simulator X: Steam Edition - Cessna C208B Grand Caravan",
    "precio": 20.51,
    "descripcion": "Developed by Carenado, the FSX: Steam Edition rendition of the Cessna C208B Grand Caravan is a hugely detailed and accurate aircraft. It comes in seven paint schemes, features accurate flight dynamics and realistic instruments including autopilot, custom weather radar and an original GNS 430.",
    "genero": "Simulator",
    "cover": "https://images.igdb.com/igdb/image/upload/t_thumb/co85tp.jpg"
  },
  {
    "nombre": "Everlasting Tower",
    "precio": 20.23,
    "descripcion": "Escape a fiery death by climbing this tower for as long as you can.\n\nA simple randomly-generated vertical platformer with a retro feel. See for how long you can endure the everlasting tower.\n\nHas 4 difficulty levels and local high-scores.",
    "genero": "Indie",
    "cover": "https://images.igdb.com/igdb/image/upload/t_thumb/co9jbc.jpg"
  },
  {
    "nombre": "Q.U.B.E. 2: Ultimate Edition",
    "precio": 21.64,
    "descripcion": "Includes ALL downloadable content for Q.U.B.E. 2: Classic Gloves, Lost Orbit, Aftermath. In Q.U.B.E. 2 you play as Amelia Cross, an archaeologist who has awoken among the ruins of an alien landscape. With the distant help of another survivor you must manipulate the structure of this mysterious world and find a way back home. As you explore and solve puzzles to progress, thought-provoking questions about your true purpose and the origins of the structure you are navigating will need to be considered, forcing you to come to terms with a devastating truth that will shake your world.",
    "genero": "Shooter",
    "cover": "https://images.igdb.com/igdb/image/upload/t_thumb/co6258.jpg"
  },
  {
    "nombre": "Madison VR",
    "precio": 17.11,
    "descripcion": "Madison VR now plunges you even deeper into its immersive and terrifying world. With the utilization of an instant camera in your virtual hands, bridge the gap between our world and the unknown. Snap photos, develop them by yourself to solve puzzles, explore the shadows and above all, survive.",
    "genero": "Simulator",
    "cover": "https://images.igdb.com/igdb/image/upload/t_thumb/co6lvx.jpg"
  },
  {
    "nombre": "Bomb Squad Academy",
    "precio": 16.76,
    "descripcion": "Save the world one wire at a time with Bomb Squad Academy, a puzzle game where you have to defuse bombs under a time constraint.",
    "genero": "Puzzle",
    "cover": "https://images.igdb.com/igdb/image/upload/t_thumb/co2332.jpg"
  },
  {
    "nombre": "Killer Instinct: Anniversary Edition",
    "precio": 18.87,
    "descripcion": "The 10th Anniversary Update brings with it two versions of KI:\n\nThe Killer Instinct Base Game will be FREE TO PLAY on all platforms: Xbox consoles (One, Series X|S), Windows PC, and Steam. The free KI base game will feature one free weekly rotating Fighter and Single-Player, Local, and Ranked modes.\n\nThe Killer Instinct Anniversary Edition will include all 29 Fighters, and all Premium Content ever released: the VIP Double XP Booster, holiday accessories, and more. This edition replaces the \"Definitive Edition,\" which was delisted upon release of the Anniversary Edition.\n\nThe 10th Anniversary Update will go even further, with a few more changes:\n\n- Improved matchmaking. We want to make it easier for folks to find matches quickly, regardless of which platform they’re playing on.\n- Optimization for Series X|S consoles.\n- Balance updates. That’s right – new meta for Killer Instinct, more than five years after the last adjustments!\n\nThe following Mature-rated content included in KI Definitive Edition will NOT be included in the Anniversary Edition:\n- Definitive Edition App (featuring developer interviews, concept art, Killer Cuts soundtrack)\n- Xbox KI Classic 1 & 2\n- But DON’T WORRY! If you already own Killer Instinct Definitive Edition digitally, you will still be able to download the above content even after the Definitive Edition is retired.",
    "genero": "Fighting",
    "cover": "https://images.igdb.com/igdb/image/upload/t_thumb/co7f7k.jpg"
  },
  {
    "nombre": "Steel Salvo",
    "precio": 22.1,
    "descripcion": "Pilot a hulking mech and protect Triton from robot hordes. With the help of your team, vanquish the robot overlord!  \nExperience super-fast FPS mecha action in this short but challenging single-player game!",
    "genero": "Shooter",
    "cover": "https://images.igdb.com/igdb/image/upload/t_thumb/co2xds.jpg"
  },
  {
    "nombre": "100 in 1 Game Collection",
    "precio": 20.3,
    "descripcion": "Meet Magrat the witch, Harvey the weird fish, Stephanie the green cow and all their beloved friends, and embark on an epic journey through 100 arcade games that blend classic gameplay from your favorite retro titles with new concepts that are reinventing the arcade genre! Score as much as you can, then improve and challenge yourself to get all stars in solo or with your friends!",
    "genero": "Arcade",
    "cover": "https://images.igdb.com/igdb/image/upload/t_thumb/co94hs.jpg"
  },
  {
    "nombre": "Data Loss",
    "precio": 19.39,
    "descripcion": "Corporations suck!! Money'Surance Corp especially sucks, so you're taking it upon yourself to hack the Money'Surance Corp Tower, steal money from the higher ups, and erase the debts of everyone subject to its monopoly.",
    "genero": "Puzzle",
    "cover": "https://images.igdb.com/igdb/image/upload/t_thumb/co29t9.jpg"
  },
  {
    "nombre": "Hunter Hitman",
    "precio": 19.02,
    "descripcion": "Hunt or be hunted. Execute stealth kills and survive in this action-packed assassin game.",
    "genero": "Strategy",
    "cover": "https://images.igdb.com/igdb/image/upload/t_thumb/co9op2.jpg"
  },
  {
    "nombre": "Merge Games Horror Bundle",
    "precio": 20.95,
    "descripcion": "What do dark Nordic fables, intergalactic cruises and Lovecraftian gore all have in common? Gruesome, gory and ghoulish monsters! Dive into the horror-themed worlds of Bramble: The Mountain King, Morbid: The Seven Acolytes and Slaycation Paradise - if you dare!",
    "genero": "Unkown",
    "cover": "https://images.igdb.com/igdb/image/upload/t_thumb/co7d6t.jpg"
  },
  {
    "nombre": "Flashy Maze",
    "precio": 20.32,
    "descripcion": "",
    "genero": "Unkown",
    "cover": "https://images.igdb.com/igdb/image/upload/t_thumb/co2q64.jpg"
  },
  {
    "nombre": "Mortal Kombat",
    "precio": 18.29,
    "descripcion": "Mortal Kombat is a side-scrolling fighting game. Fighting is set as one-on-one combat, allowing each player to perform a variety of punches, kicks, and special moves in order to defeat their opponent. When the opponent faces their second round loss, the winner can perform a finishing move called a \"Fatality\" on the loser. The Fatality is a move unique to each fighter that graphically kills the loser in a blood-soaked finale.",
    "genero": "Fighting",
    "cover": "https://images.igdb.com/igdb/image/upload/t_thumb/co69zn.jpg"
  },
  {
    "nombre": "Giant Mario Bros.",
    "precio": 23.87,
    "descripcion": "This hack will make Mario and Luigi huge, twice their size.\n\nThe levels remain basically the same, but some changes have been made to accommodate the resizing of the player.",
    "genero": "Platform",
    "cover": "https://images.igdb.com/igdb/image/upload/t_thumb/co4s6n.jpg"
  },
  {
    "nombre": "Soul Rush",
    "precio": 17.01,
    "descripcion": "",
    "genero": "Indie",
    "cover": "https://images.igdb.com/igdb/image/upload/t_thumb/co9ofe.jpg"
  },
  {
    "nombre": "The Tomb of Corruption",
    "precio": 15.04,
    "descripcion": "Explore procedurally generated dungeons and slash hordes of monsters in THE TOMB OF CORRUPTION! - A 3D action RPG with rogue-lite elements. Fully customize your melee and ranged weapon with hundreds of upgrades, unlock skills, upgrade your armor and get ready to enter the voxel dungeon!",
    "genero": "Role-playing (RPG)",
    "cover": "https://images.igdb.com/igdb/image/upload/t_thumb/co7uvf.jpg"
  },
  {
    "nombre": "Dark Castle",
    "precio": 17.79,
    "descripcion": "The Genesis port of Dark Castle features colored graphics, and music during gameplay.",
    "genero": "Platform",
    "cover": "https://images.igdb.com/igdb/image/upload/t_thumb/co9lhj.jpg"
  },
  {
    "nombre": "Mortal Kombat HD Arcade Kollection",
    "precio": 21.01,
    "descripcion": "Before the announcement of Mortal Kombat: Arcade Kollection, different online stores started listing Mortal Kombat HD: Arcade Kollection. It was supposed to include Mortal Kombat 1, Mortal Kombat II and Ultimate Mortal Kombat 3, just like the released version. However unlike the released version, the cancelled HD-Version also had new sounds and completely new graphics with new actors portraying the characters in HD.",
    "genero": "Fighting",
    "cover": "https://images.igdb.com/igdb/image/upload/t_thumb/co20mf.jpg"
  },
  {
    "nombre": "Banners of Ruin: Iris",
    "precio": 20.09,
    "descripcion": "Summon spirits that augment your party with the haunted fox, Iris!",
    "genero": "Role-playing (RPG)",
    "cover": "https://images.igdb.com/igdb/image/upload/t_thumb/co7185.jpg"
  },
  {
    "nombre": "Lurking Danger",
    "precio": 20.29,
    "descripcion": "Lurking Danger is a survival horror where Elena and Regina, two diner waitresses, uncover a dark secret. Reality twists into a nightmare as they face terrifying creatures. Play solo or in split-screen co-op, solve puzzles, and fight for survival in a haunting atmosphere.",
    "genero": "Adventure",
    "cover": "https://images.igdb.com/igdb/image/upload/t_thumb/co9luh.jpg"
  },
  {
    "nombre": "Moonlight Destiny",
    "precio": 20.27,
    "descripcion": "A Chinese developed role-playing game that was later localized into Japanese by Nihon Falcom under the name Moonlight Destiny.\n\nYue Ying Chuan Shuo Jian Xia Qing Yuan Wai Zhuan is a role-playing game. Many years ago, two of the most famous people in Wulin were Yang Xilie and Shangguan Feilong. Yang Xilie, as his name implies, has a fierce personality, and often competes with Shangguan Feilong. But Shangguan Feilong is indifferent to fame and fortune and dislikes fighting with others, so he ignores his provocations, which makes Yang Xilie more and more angry. After a thrilling life-and-death struggle, Shangguan Feilong was defeated by Yang Xilie at last. But eventually the two men and up that. Ten years after those events Yang Yingfeng (Yang Xilie's son) is already a young man. He still remembers the scene ten years ago. Yang Yingfeng feels that he should go out for an adventure.",
    "genero": "Role-playing (RPG)",
    "cover": "https://images.igdb.com/igdb/image/upload/t_thumb/co5mm1.jpg"
  },
  {
    "nombre": "Naruto x Boruto: Ninja Tribes",
    "precio": 18.36,
    "descripcion": "Naruto x Boruto: Ninja Tribes is based on the popular Naruto and Boruto anime series and brings together fan-favorite characters spanning multiple generations of both franchises for one-tap team-based battles.\n\nA turn-based RPG being developed by Bandai Namco, now planned for release on the Enza platform in Japan which includes PC and Mobile web browsers as well as standalone apps for iOS and Android.\n\nOriginal planned for release in 2018 as Naruto x Boruto: Borutical Generations, the game was delayed and eventually re-announced under a new title, Project: Tri, on May 15th 2019.",
    "genero": "Role-playing (RPG)",
    "cover": "https://images.igdb.com/igdb/image/upload/t_thumb/co1pwh.jpg"
  },
  {
    "nombre": "Maid for Loving You",
    "precio": 21.58,
    "descripcion": "Average guy Yuuma suddenly finds his boring life becoming way more exciting when he encounters a mysterious woman named Eve. Join him as he discovers the joys of having a live-in maid in this heartwarming visual novel.",
    "genero": "Adventure",
    "cover": "https://images.igdb.com/igdb/image/upload/t_thumb/co6owy.jpg"
  },
  {
    "nombre": "Tom Clancy's Ghost Recon: Wildlands - The Peruvian Connection",
    "precio": 21.08,
    "descripcion": "Travel to the high mountains of Bolivia to break the deadly alliance between the Santa Blanca and the Peruvian cartels.",
    "genero": "Shooter",
    "cover": "https://images.igdb.com/igdb/image/upload/t_thumb/co3c7g.jpg"
  },
  {
    "nombre": "Sesame Street Mecha Builders",
    "precio": 19.88,
    "descripcion": "Embark on exciting adventures with Mecha Elmo, Cookie Monster, and Abby Cadabby! Explore science, engineering, creativity, and math through engaging games and activities designed for kids aged 2-6. Endless fun and learning await!",
    "genero": "Unkown",
    "cover": "https://images.igdb.com/igdb/image/upload/t_thumb/co9rrw.jpg"
  },
  {
    "nombre": "LocoRoco Cocoreccho",
    "precio": 19.25,
    "descripcion": "LocoRoco Cocoreccho! (or Oideyo LocoRoco!! BuuBuu Cocoreccho! (おいでよロコロコ！！ BuuBuu Cocoreccho!?), in Japan, meaning \"LocoRoco Come On Over(!)! BuuBuu Cocoreccho!\") is a video game in the LocoRoco series released on the PlayStation Network for PlayStation 3 on September 21, 2007.[1] Described as an \"interactive screensaver\",[2] LocoRoco Cocoreccho! features an autonomous two-dimensional environment in which the world and characters play even without input from the player.[3] The game is capable of running at full high-definition 1080p display resolution.[2]",
    "genero": "Platform",
    "cover": "https://images.igdb.com/igdb/image/upload/t_thumb/co3irb.jpg"
  },
  {
    "nombre": "WarioWare, Inc.: Mega Microgame$!",
    "precio": 19.03,
    "descripcion": "Frantic action! Prepare for lightning-quick game play as you blaze through over 200 bizarre microgames designed by a crazy crew of Wario's cronies! There are even two-player contests that can be played on a single Game Boy Advance! Pick up and play! Ultra-simple controls make each game easy to get into...until the games start coming faster... and faster...and FASTER!",
    "genero": "Arcade",
    "cover": "https://images.igdb.com/igdb/image/upload/t_thumb/co1wpz.jpg"
  },
  {
    "nombre": "Blackguards",
    "precio": 15.99,
    "descripcion": "What happens when the only hope of a threatened world lies not with heroes in shining armor, but in the hands of a band of misfits and criminals? Blackguards, a new turn-based strategy RPG, explores this very question. You will discover over 180 unique hex-based battlegrounds within a dark and mature story of crime, drugs, and murder.\n\nPlay as a warrior, mage or hunter and customize your character's skills as you see fit. The challenging campaign delivers a story of doubt, treason and loss. You decide the course of the story at key turning points and determine its outcome.",
    "genero": "Role-playing (RPG)",
    "cover": "https://images.igdb.com/igdb/image/upload/t_thumb/co26en.jpg"
  },
  {
    "nombre": "Doodle Champs",
    "precio": 21.68,
    "descripcion": "Doodle Champs is the ultimate experience for artists and doodlers alike! Play an exciting assortment of doodle-tastic party games with endless replayability, or just draw on a shared online canvas with your pals!",
    "genero": "Indie",
    "cover": "https://images.igdb.com/igdb/image/upload/t_thumb/co9u9o.jpg"
  },
  {
    "nombre": "Fantasy Friends: Dream Worlds",
    "precio": 19.14,
    "descripcion": "Come and play with Aurea in Fantasy Friends: Dream Worlds, an ultra-cute puzzle and platform game. Enter this wonderful place and make lots of fantastic friends!",
    "genero": "Shooter",
    "cover": "https://images.igdb.com/igdb/image/upload/t_thumb/co8re2.jpg"
  },
  {
    "nombre": "Bombardier",
    "precio": 17.13,
    "descripcion": "Bombardier is a quick and chaotic online multiplayer game which supports up to 8 players in an arena, or play locally with up to 4 of your closest friends and battle to be crowned the ultimate Bombardier!",
    "genero": "Indie",
    "cover": "https://images.igdb.com/igdb/image/upload/t_thumb/co5c2a.jpg"
  },
  {
    "nombre": "NextDoor",
    "precio": 21.46,
    "descripcion": "Short cinematic pixel horror game based on Junji Ito's manga.",
    "genero": "Adventure",
    "cover": "https://images.igdb.com/igdb/image/upload/t_thumb/co78y5.jpg"
  },
  {
    "nombre": "One Last Breath",
    "precio": 21.91,
    "descripcion": "A 2,5D adventure set in a world in which almost no life is left you will play as Gaia, a being born from nature's last wish with power to influence the surrounding nature in order to face a dark world while being chased by strange creatures.",
    "genero": "Platform",
    "cover": "https://images.igdb.com/igdb/image/upload/t_thumb/co7mjq.jpg"
  },
  {
    "nombre": "Crossroad OS",
    "precio": 20.05,
    "descripcion": "Crossʀoad OS is a single-player adventure where you solve puzzles, meet strange creatures and explore a sacred operating system created as a junction between the human and spirit world.",
    "genero": "Puzzle",
    "cover": "https://images.igdb.com/igdb/image/upload/t_thumb/co7hmm.jpg"
  },
  {
    "nombre": "Hentai Tales: Saimin Kouhai",
    "precio": 18.93,
    "descripcion": "One day, in the club room, the protagonist downloaded a hypnosis app for some reason. Everything starts to change when the protagonist starts making jokes about it on Miyagami Yui. What will happen there?",
    "genero": "Strategy",
    "cover": "https://images.igdb.com/igdb/image/upload/t_thumb/co9oo8.jpg"
  },
  {
    "nombre": "Dead by Daylight: Steady Pulse",
    "precio": 20.76,
    "descripcion": "Dead by Daylight’s Steady Pulse includes a new Survivor, Orela Rose onto the scene. Purchasing this add-on unlocks an exclusive Cosmetic: Black and White Blazer.",
    "genero": "Unkown",
    "cover": "https://images.igdb.com/igdb/image/upload/t_thumb/co9rxx.jpg"
  },
  {
    "nombre": "My Hero Academia: The Strongest Hero",
    "precio": 20.92,
    "descripcion": "The game is an open-world action RPG set in the My Hero Academia universe. The game features a decked out story mode where players can build their own fighting teams and take on classic villains like Shigaraki and Nomu.",
    "genero": "Fighting",
    "cover": "https://images.igdb.com/igdb/image/upload/t_thumb/co2yn1.jpg"
  },
  {
    "nombre": "Kimi ga Ita Kisetsu",
    "precio": 24.06,
    "descripcion": "",
    "genero": "Visual Novel",
    "cover": "https://images.igdb.com/igdb/image/upload/t_thumb/co48ec.jpg"
  },
  {
    "nombre": "Monochrome World",
    "precio": 19.18,
    "descripcion": "The world lost its color all of a sudden. And only the gray remained. Nobody knows how much time has passed since then. I just kept falling from the sky to the ground over and over. I am a raindrop. Then one day, I fell to the place I've never been before. The power unknown led me to the color I thought was lost. I had no idea what it meant...\n\n◆The adventure of a raindrop 『Monochrome World』 features the journey of a raindrop to recolor the gray world. Bring back the colors to the world in a total of 60 stages!\n◆Thrilling action puzzle experience with extreme difficulty Recolor the stages full of gimmicks and puzzles! Some parts will test your speed and control!\n◆Make your own cute little raindrop Clear the stage and unlock colors, shapes, accessories, and skills. Customize your own little raindrop!",
    "genero": "Puzzle",
    "cover": "https://images.igdb.com/igdb/image/upload/t_thumb/co3p3c.jpg"
  },
  {
    "nombre": "Qube Qross",
    "precio": 19.78,
    "descripcion": "Qube Qross is a challenging and logical puzzle game, like Nonogram in 3D. The puzzles can be solved by the hints of numbers in the left and right sides of walls, players need to get where and how many cubes are located, by the intersection of numbers from left and right walls in the same height axis. And use your controller to place all the cubes in the right position to solve a puzzle. In the classic mode, we have 10 stages with different themes, there are 10 levels in each stage, all the puzzles you solve are aww-ing cute voxel models.",
    "genero": "Platform",
    "cover": "https://images.igdb.com/igdb/image/upload/t_thumb/co38tl.jpg"
  }
]